Date,Open,High,Low,Close,Adj_Close,Volume,Dividends,Stock Splits
2022-01-19 00:00:00-05:00,38.0,43.0,38.0,42.0,40.70500564575195,129900,0.0,0.0
2022-01-20 00:00:00-05:00,40.95000076293945,48.369998931884766,40.95000076293945,45.0,43.612510681152344,153400,0.0,0.0
2022-01-21 00:00:00-05:00,43.0,49.95000076293945,42.95000076293945,45.0,43.612510681152344,329500,0.0,0.0
2022-01-24 00:00:00-05:00,44.91999816894531,45.0,41.880001068115234,42.79999923706055,41.480342864990234,110000,0.0,0.0
2022-01-25 00:00:00-05:00,42.5,44.91999816894531,41.33000183105469,41.89799880981445,40.60615539550781,23500,0.0,0.0
2022-01-26 00:00:00-05:00,45.0099983215332,45.060001373291016,42.25,43.220001220703125,41.88739776611328,90500,0.0,0.0
2022-01-27 00:00:00-05:00,47.2599983215332,49.619998931884766,43.75,45.7599983215332,44.34907150268555,151600,0.0,0.0
2022-01-28 00:00:00-05:00,44.54999923706055,47.599998474121094,44.150001525878906,46.75,45.30854415893555,43600,0.0,0.0
2022-01-31 00:00:00-05:00,46.0,48.0,46.0,48.0,46.5200080871582,71300,0.0,0.0
2022-02-01 00:00:00-05:00,47.5,50.0,47.04999923706055,49.779998779296875,48.24512481689453,298800,0.0,0.0
2022-02-02 00:00:00-05:00,50.03499984741211,56.22999954223633,49.79999923706055,53.0099983215332,51.37553024291992,23860900,0.0,0.0
2022-02-03 00:00:00-05:00,52.189998626708984,56.56999969482422,50.29999923706055,53.619998931884766,51.96671676635742,8425500,0.0,0.0
2022-02-04 00:00:00-05:00,52.599998474121094,54.33000183105469,50.119998931884766,50.13999938964844,48.59402847290039,6757800,0.0,0.0
2022-02-07 00:00:00-05:00,50.0,50.040000915527344,46.0,46.06999969482422,44.64952087402344,9432500,0.0,0.0
2022-02-08 00:00:00-05:00,45.130001068115234,47.560001373291016,44.16999816894531,45.5,44.09709167480469,7277500,0.0,0.0
2022-02-09 00:00:00-05:00,44.75,47.45000076293945,43.880001068115234,47.310001373291016,45.851287841796875,4393100,0.0,0.0
2022-02-10 00:00:00-05:00,45.5099983215332,48.5,45.380001068115234,47.04999923706055,45.59930419921875,2450000,0.0,0.0
2022-02-11 00:00:00-05:00,46.7599983215332,48.90999984741211,46.060001373291016,48.09000015258789,46.60723876953125,3456800,0.0,0.0
2022-02-14 00:00:00-05:00,48.189998626708984,49.0,46.9900016784668,48.11000061035156,46.626617431640625,2155000,0.0,0.0
2022-02-15 00:00:00-05:00,47.70000076293945,48.45000076293945,47.20000076293945,48.0,46.5200080871582,2359800,0.0,0.0
2022-02-16 00:00:00-05:00,47.720001220703125,48.470001220703125,46.95000076293945,47.20000076293945,45.74467468261719,5855300,0.0,0.0
2022-02-17 00:00:00-05:00,46.31999969482422,47.08000183105469,45.189998626708984,45.290000915527344,43.89356994628906,3142600,0.0,0.0
2022-02-18 00:00:00-05:00,45.150001525878906,45.900001525878906,44.79999923706055,45.40999984741211,44.00987243652344,2018700,0.0,0.0
2022-02-22 00:00:00-05:00,45.40999984741211,45.68000030517578,43.4900016784668,43.540000915527344,42.1975212097168,2611100,0.0,0.0
2022-02-23 00:00:00-05:00,43.689998626708984,43.9900016784668,42.18000030517578,43.09000015258789,41.76140213012695,2791200,0.0,0.0
2022-02-24 00:00:00-05:00,43.150001525878906,44.59000015258789,42.220001220703125,44.31999969482422,43.09449768066406,2447900,0.141,0.0
2022-02-25 00:00:00-05:00,44.29999923706055,44.93000030517578,43.7400016784668,43.90999984741211,42.69582748413086,2040700,0.0,0.0
2022-02-28 00:00:00-05:00,43.29999923706055,46.619998931884766,42.459999084472656,45.97999954223633,44.70858383178711,5534900,0.0,0.0
2022-03-01 00:00:00-05:00,45.619998931884766,48.04999923706055,45.349998474121094,47.790000915527344,46.468536376953125,4212900,0.0,0.0
2022-03-02 00:00:00-05:00,48.0,50.29999923706055,47.33000183105469,49.459999084472656,48.09235763549805,3517100,0.0,0.0
2022-03-03 00:00:00-05:00,49.81999969482422,50.33000183105469,47.547000885009766,49.52000045776367,48.15070724487305,2072200,0.0,0.0
2022-03-04 00:00:00-05:00,49.16999816894531,51.040000915527344,48.25,51.0,49.589778900146484,2544600,0.0,0.0
2022-03-07 00:00:00-05:00,51.060001373291016,52.58000183105469,49.869998931884766,51.650001525878906,50.2218132019043,2726900,0.0,0.0
2022-03-08 00:00:00-05:00,51.18000030517578,55.31999969482422,50.849998474121094,52.31999969482422,50.8732795715332,3873700,0.0,0.0
2022-03-09 00:00:00-05:00,52.439998626708984,53.68000030517578,50.59000015258789,51.33000183105469,49.9106559753418,3050600,0.0,0.0
2022-03-10 00:00:00-05:00,50.56999969482422,51.63999938964844,49.27000045776367,51.31999969482422,49.90093231201172,2692700,0.0,0.0
2022-03-11 00:00:00-05:00,51.41999816894531,51.84000015258789,48.290000915527344,49.31999969482422,47.95622634887695,3034100,0.0,0.0
2022-03-14 00:00:00-04:00,51.86000061035156,51.86000061035156,48.59000015258789,50.95000076293945,49.541160583496094,2916600,0.0,0.0
2022-03-15 00:00:00-04:00,51.34000015258789,51.59000015258789,49.900001525878906,51.290000915527344,49.87176513671875,2117400,0.0,0.0
2022-03-16 00:00:00-04:00,51.709999084472656,52.400001525878906,50.349998474121094,51.77000045776367,50.33848571777344,2989800,0.0,0.0
2022-03-17 00:00:00-04:00,51.880001068115234,52.709999084472656,50.90999984741211,50.9900016784668,49.5800666809082,2244600,0.0,0.0
2022-03-18 00:00:00-04:00,50.650001525878906,51.40999984741211,48.880001068115234,49.0099983215332,47.65480041503906,9663900,0.0,0.0
2022-03-21 00:00:00-04:00,48.90999984741211,49.43000030517578,48.599998474121094,49.220001220703125,47.85899353027344,2452000,0.0,0.0
2022-03-22 00:00:00-04:00,50.349998474121094,52.04999923706055,50.0099983215332,51.13999938964844,49.725914001464844,3841900,0.0,0.0
2022-03-23 00:00:00-04:00,50.70000076293945,51.77000045776367,50.70000076293945,50.9900016784668,49.5800666809082,2396200,0.0,0.0
2022-03-24 00:00:00-04:00,51.18000030517578,52.58000183105469,50.766998291015625,52.40999984741211,50.960784912109375,2335200,0.0,0.0
2022-03-25 00:00:00-04:00,52.2400016784668,53.81999969482422,52.029998779296875,53.79999923706055,52.312355041503906,2441200,0.0,0.0
2022-03-28 00:00:00-04:00,54.380001068115234,56.849998474121094,54.04999923706055,56.779998779296875,55.2099609375,3127000,0.0,0.0
2022-03-29 00:00:00-04:00,57.0,57.38999938964844,54.630001068115234,56.33000183105469,54.772403717041016,2201300,0.0,0.0
2022-03-30 00:00:00-04:00,56.16999816894531,57.790000915527344,55.70000076293945,57.5,55.91004180908203,1934100,0.0,0.0
2022-03-31 00:00:00-04:00,58.34000015258789,59.08000183105469,55.779998779296875,56.25,54.694610595703125,3817600,0.0,0.0
2022-04-01 00:00:00-04:00,56.36000061035156,58.29999923706055,55.70000076293945,58.02000045776367,56.41567611694336,2156500,0.0,0.0
2022-04-04 00:00:00-04:00,58.36000061035156,58.70000076293945,57.529998779296875,58.380001068115234,56.76571273803711,1885100,0.0,0.0
2022-04-05 00:00:00-04:00,58.650001525878906,60.31999969482422,58.45000076293945,59.0,57.36857223510742,2143100,0.0,0.0
2022-04-06 00:00:00-04:00,58.900001525878906,60.08000183105469,58.369998931884766,59.599998474121094,57.95197677612305,2559400,0.0,0.0
2022-04-07 00:00:00-04:00,59.7599983215332,61.06999969482422,59.349998474121094,60.90999984741211,59.22575759887695,3925800,0.0,0.0
2022-04-08 00:00:00-04:00,61.220001220703125,64.9000015258789,60.900001525878906,64.0199966430664,62.249752044677734,4762100,0.0,0.0
2022-04-11 00:00:00-04:00,64.18000030517578,64.66200256347656,60.40999984741211,60.68000030517578,59.00212097167969,3487700,0.0,0.0
2022-04-12 00:00:00-04:00,61.0,63.209999084472656,60.880001068115234,61.869998931884766,60.15920639038086,2553000,0.0,0.0
2022-04-13 00:00:00-04:00,62.040000915527344,64.55000305175781,61.75,64.19999694824219,62.424774169921875,3405700,0.0,0.0
2022-04-14 00:00:00-04:00,64.12000274658203,64.72000122070312,62.180999755859375,62.54999923706055,60.820404052734375,1860100,0.0,0.0
2022-04-18 00:00:00-04:00,62.290000915527344,64.16999816894531,62.290000915527344,63.310001373291016,61.55938720703125,1216800,0.0,0.0
2022-04-19 00:00:00-04:00,63.630001068115234,66.88999938964844,62.880001068115234,66.70999908447266,64.86538696289062,2078800,0.0,0.0
2022-04-20 00:00:00-04:00,67.81999969482422,68.68000030517578,65.06500244140625,65.41000366210938,63.6013298034668,2182800,0.0,0.0
2022-04-21 00:00:00-04:00,65.0,66.30000305175781,62.150001525878906,62.66999816894531,60.93708801269531,2493700,0.0,0.0
2022-04-22 00:00:00-04:00,62.5,64.45600128173828,62.290000915527344,62.43000030517578,60.703731536865234,2030500,0.0,0.0
2022-04-25 00:00:00-04:00,62.36000061035156,62.84000015258789,59.439998626708984,62.27000045776367,60.548152923583984,2261600,0.0,0.0
2022-04-26 00:00:00-04:00,61.79999923706055,62.220001220703125,59.90999984741211,59.95000076293945,58.292301177978516,2136500,0.0,0.0
2022-04-27 00:00:00-04:00,60.0099983215332,61.189998626708984,59.72999954223633,60.09000015258789,58.42842483520508,1991600,0.0,0.0
2022-04-28 00:00:00-04:00,60.220001220703125,61.349998474121094,58.79999923706055,61.310001373291016,59.61469650268555,3354600,0.0,0.0
2022-04-29 00:00:00-04:00,61.5,61.86000061035156,59.150001525878906,59.209999084472656,57.5727653503418,2578400,0.0,0.0
2022-05-02 00:00:00-04:00,59.29999923706055,59.9900016784668,56.900001525878906,58.20000076293945,56.59068298339844,2488200,0.0,0.0
2022-05-03 00:00:00-04:00,58.45000076293945,60.45000076293945,58.45000076293945,59.70000076293945,58.04920959472656,2224200,0.0,0.0
2022-05-04 00:00:00-04:00,60.119998931884766,62.29499816894531,59.84299850463867,61.810001373291016,60.100860595703125,2628900,0.0,0.0
2022-05-05 00:00:00-04:00,61.220001220703125,61.9900016784668,59.16999816894531,60.15999984741211,58.496490478515625,1946800,0.0,0.0
2022-05-06 00:00:00-04:00,60.2599983215332,61.22999954223633,58.70000076293945,60.27000045776367,58.60344696044922,2861000,0.0,0.0
2022-05-09 00:00:00-04:00,60.56999969482422,60.56999969482422,56.56999969482422,57.619998931884766,56.026729583740234,2193700,0.0,0.0
2022-05-10 00:00:00-04:00,58.25,59.869998931884766,56.73500061035156,57.040000915527344,55.462764739990234,2156200,0.0,0.0
2022-05-11 00:00:00-04:00,57.11000061035156,59.029998779296875,56.529998779296875,57.369998931884766,55.78364181518555,1877000,0.0,0.0
2022-05-12 00:00:00-04:00,57.310001373291016,57.849998474121094,53.08000183105469,53.470001220703125,52.11958312988281,3785600,0.141,0.0
2022-05-13 00:00:00-04:00,54.529998779296875,55.9010009765625,53.630001068115234,54.61000061035156,53.23078536987305,2317500,0.0,0.0
2022-05-16 00:00:00-04:00,54.41999816894531,57.130001068115234,54.34000015258789,56.59000015258789,55.16077423095703,1631900,0.0,0.0
2022-05-17 00:00:00-04:00,56.849998474121094,59.47999954223633,55.97999954223633,59.31999969482422,57.82183074951172,2215100,0.0,0.0
2022-05-18 00:00:00-04:00,59.41999816894531,60.255001068115234,56.93000030517578,57.279998779296875,55.83334732055664,4609100,0.0,0.0
2022-05-19 00:00:00-04:00,57.130001068115234,57.5099983215332,54.91999816894531,57.22999954223633,55.78461456298828,2181100,0.0,0.0
2022-05-20 00:00:00-04:00,57.5099983215332,58.939998626708984,55.4900016784668,56.650001525878906,55.21926498413086,2266200,0.0,0.0
2022-05-23 00:00:00-04:00,57.5,57.59000015258789,55.86000061035156,56.599998474121094,55.17052459716797,1581800,0.0,0.0
2022-05-24 00:00:00-04:00,56.54999923706055,57.36000061035156,55.06999969482422,56.779998779296875,55.345985412597656,1682300,0.0,0.0
2022-05-25 00:00:00-04:00,56.880001068115234,59.34000015258789,56.880001068115234,59.16999816894531,57.675621032714844,1974700,0.0,0.0
2022-05-26 00:00:00-04:00,59.18000030517578,63.042999267578125,59.16999816894531,62.470001220703125,60.89228057861328,3260100,0.0,0.0
2022-05-27 00:00:00-04:00,62.400001525878906,66.63999938964844,62.0,66.5999984741211,64.91796112060547,2793800,0.0,0.0
2022-05-31 00:00:00-04:00,65.54000091552734,66.38999938964844,61.369998931884766,62.08000183105469,60.51213073730469,7389300,0.0,0.0
2022-06-01 00:00:00-04:00,62.380001068115234,63.91999816894531,62.150001525878906,63.650001525878906,62.04248046875,2008600,0.0,0.0
2022-06-02 00:00:00-04:00,63.689998626708984,64.12000274658203,61.97999954223633,63.75,62.139949798583984,1758500,0.0,0.0
2022-06-03 00:00:00-04:00,63.2599983215332,65.81999969482422,63.119998931884766,65.16999816894531,63.52408981323242,1793500,0.0,0.0
2022-06-06 00:00:00-04:00,65.56999969482422,66.94000244140625,65.38500213623047,66.38999938964844,64.7132797241211,2033200,0.0,0.0
2022-06-07 00:00:00-04:00,65.5199966430664,66.69999694824219,65.16100311279297,66.55000305175781,64.86922454833984,2721700,0.0,0.0
2022-06-08 00:00:00-04:00,66.44000244140625,66.47000122070312,63.130001068115234,64.7699966430664,63.13418197631836,1922200,0.0,0.0
2022-06-09 00:00:00-04:00,64.26000213623047,64.45999908447266,61.15999984741211,61.209999084472656,59.664100646972656,1811000,0.0,0.0
2022-06-10 00:00:00-04:00,59.849998474121094,61.060001373291016,59.209999084472656,59.790000915527344,58.279964447021484,1540800,0.0,0.0
2022-06-13 00:00:00-04:00,58.27000045776367,58.9900016784668,55.20000076293945,55.47999954223633,54.07881164550781,2113200,0.0,0.0
2022-06-14 00:00:00-04:00,56.029998779296875,56.47999954223633,53.31999969482422,54.439998626708984,53.06507873535156,2330400,0.0,0.0
2022-06-15 00:00:00-04:00,55.70000076293945,59.55500030517578,55.68000030517578,58.20000076293945,56.7301139831543,3891700,0.0,0.0
2022-06-16 00:00:00-04:00,56.33000183105469,58.349998474121094,56.08000183105469,58.2599983215332,56.788604736328125,4837000,0.0,0.0
2022-06-17 00:00:00-04:00,58.54999923706055,59.5,55.48500061035156,58.099998474121094,56.63264083862305,6478700,0.0,0.0
2022-06-21 00:00:00-04:00,58.099998474121094,60.939998626708984,58.099998474121094,60.380001068115234,58.85506057739258,4363600,0.0,0.0
2022-06-22 00:00:00-04:00,59.279998779296875,60.43000030517578,58.8650016784668,59.209999084472656,57.7146110534668,3233400,0.0,0.0
2022-06-23 00:00:00-04:00,59.880001068115234,61.22999954223633,57.790000915527344,58.650001525878906,57.16875076293945,2667600,0.0,0.0
2022-06-24 00:00:00-04:00,58.84000015258789,60.34000015258789,57.97999954223633,59.279998779296875,57.7828369140625,6473700,0.0,0.0
2022-06-27 00:00:00-04:00,59.119998931884766,59.87099838256836,58.41999816894531,59.41999816894531,57.91930389404297,1718900,0.0,0.0
2022-06-28 00:00:00-04:00,59.84000015258789,60.90999984741211,57.83000183105469,58.08000183105469,56.6131477355957,1401700,0.0,0.0
2022-06-29 00:00:00-04:00,57.959999084472656,58.154998779296875,56.31999969482422,57.310001373291016,55.86260223388672,1412200,0.0,0.0
2022-06-30 00:00:00-04:00,56.900001525878906,58.83399963378906,56.54999923706055,57.2599983215332,55.81385803222656,2424400,0.0,0.0
2022-07-01 00:00:00-04:00,56.720001220703125,58.09000015258789,56.619998931884766,57.599998474121094,56.145267486572266,1531900,0.0,0.0
2022-07-05 00:00:00-04:00,57.150001525878906,57.369998931884766,52.88999938964844,54.939998626708984,53.55245590209961,2696000,0.0,0.0
2022-07-06 00:00:00-04:00,55.130001068115234,57.220001220703125,54.560001373291016,56.7599983215332,55.32648468017578,1716600,0.0,0.0
2022-07-07 00:00:00-04:00,57.56999969482422,59.900001525878906,57.56999969482422,59.11000061035156,57.61713409423828,1872100,0.0,0.0
2022-07-08 00:00:00-04:00,58.939998626708984,59.810001373291016,57.41999816894531,59.650001525878906,58.143497467041016,2096000,0.0,0.0
2022-07-11 00:00:00-04:00,59.650001525878906,60.13999938964844,58.40999984741211,59.84000015258789,58.328697204589844,1774700,0.0,0.0
2022-07-12 00:00:00-04:00,59.40999984741211,61.11000061035156,58.91999816894531,59.22999954223633,57.73410415649414,1808400,0.0,0.0
2022-07-13 00:00:00-04:00,58.150001525878906,60.279998779296875,58.150001525878906,59.81999969482422,58.309207916259766,1577200,0.0,0.0
2022-07-14 00:00:00-04:00,58.290000915527344,58.970001220703125,57.09000015258789,57.91999816894531,56.457183837890625,2608600,0.0,0.0
2022-07-15 00:00:00-04:00,54.959999084472656,56.645999908447266,52.63999938964844,55.65999984741211,54.254268646240234,5186100,0.0,0.0
2022-07-18 00:00:00-04:00,56.33000183105469,56.66999816894531,54.59000015258789,54.810001373291016,53.42573547363281,2583100,0.0,0.0
2022-07-19 00:00:00-04:00,55.439998626708984,55.5,54.16999816894531,55.0,53.61093521118164,2326200,0.0,0.0
2022-07-20 00:00:00-04:00,55.15999984741211,55.345001220703125,53.369998931884766,54.06999969482422,52.70442581176758,2803600,0.0,0.0
2022-07-21 00:00:00-04:00,53.86000061035156,54.85499954223633,53.310001373291016,54.15999984741211,52.79215621948242,1816800,0.0,0.0
2022-07-22 00:00:00-04:00,54.790000915527344,55.599998474121094,53.41999816894531,54.0,52.63618087768555,1503100,0.0,0.0
2022-07-25 00:00:00-04:00,53.97999954223633,55.060001373291016,53.369998931884766,54.959999084472656,53.57194519042969,1847700,0.0,0.0
2022-07-26 00:00:00-04:00,55.400001525878906,56.66999816894531,54.88999938964844,55.5,54.098304748535156,1993500,0.0,0.0
2022-07-27 00:00:00-04:00,55.029998779296875,55.7599983215332,54.18000030517578,55.529998779296875,54.12754440307617,1557200,0.0,0.0
2022-07-28 00:00:00-04:00,62.58000183105469,65.94000244140625,62.189998626708984,64.58999633789062,62.9587287902832,8460600,0.0,0.0
2022-07-29 00:00:00-04:00,63.849998474121094,66.5999984741211,63.63999938964844,66.0999984741211,64.43061065673828,3895200,0.0,0.0
2022-08-01 00:00:00-04:00,66.05000305175781,66.5999984741211,64.12999725341797,65.30000305175781,63.65080261230469,2735200,0.0,0.0
2022-08-02 00:00:00-04:00,65.30000305175781,66.79000091552734,64.98999786376953,65.83999633789062,64.17716217041016,1722900,0.0,0.0
2022-08-03 00:00:00-04:00,66.62999725341797,67.37999725341797,65.54000091552734,67.16999816894531,65.47357940673828,2286700,0.0,0.0
2022-08-04 00:00:00-04:00,65.51000213623047,68.37000274658203,65.51000213623047,67.45999908447266,65.75625610351562,2425900,0.0,0.0
2022-08-05 00:00:00-04:00,69.76000213623047,75.9800033569336,69.75,74.30000305175781,72.42350006103516,4216800,0.0,0.0
2022-08-08 00:00:00-04:00,77.01000213623047,77.62999725341797,74.97000122070312,75.88999938964844,73.97332763671875,3183600,0.0,0.0
2022-08-09 00:00:00-04:00,75.75,76.7699966430664,75.0199966430664,75.72000122070312,73.80762481689453,2945700,0.0,0.0
2022-08-10 00:00:00-04:00,76.05000305175781,77.19999694824219,75.5,77.12000274658203,75.17228698730469,2134600,0.0,0.0
2022-08-11 00:00:00-04:00,77.12000274658203,80.05999755859375,76.68000030517578,78.83000183105469,76.83908081054688,2540200,0.0,0.0
2022-08-12 00:00:00-04:00,79.6500015258789,81.68000030517578,79.04000091552734,81.5,79.58401489257812,2170800,0.141,0.0
2022-08-15 00:00:00-04:00,80.25,82.43000030517578,80.25,81.19999694824219,79.29105377197266,1980100,0.0,0.0
2022-08-16 00:00:00-04:00,81.0999984741211,82.11000061035156,80.9000015258789,81.4000015258789,79.48637390136719,1878800,0.0,0.0
2022-08-17 00:00:00-04:00,80.41999816894531,81.44999694824219,79.0999984741211,79.69999694824219,77.82632446289062,2502200,0.0,0.0
2022-08-18 00:00:00-04:00,79.41999816894531,82.1449966430664,79.41999816894531,81.5999984741211,79.68164825439453,1939600,0.0,0.0
2022-08-19 00:00:00-04:00,80.30999755859375,81.27999877929688,79.8499984741211,80.83999633789062,78.93952941894531,1704000,0.0,0.0
2022-08-22 00:00:00-04:00,80.75,80.75,79.5199966430664,79.6500015258789,77.77751159667969,1724600,0.0,0.0
2022-08-23 00:00:00-04:00,80.2699966430664,80.88999938964844,79.5999984741211,79.75,77.87515258789062,1065800,0.0,0.0
2022-08-24 00:00:00-04:00,79.66000366210938,80.81500244140625,79.30999755859375,80.37000274658203,78.48058319091797,1430200,0.0,0.0
2022-08-25 00:00:00-04:00,80.01000213623047,82.83000183105469,79.76499938964844,82.73999786376953,80.79485321044922,1551700,0.0,0.0
2022-08-26 00:00:00-04:00,82.73999786376953,83.2300033569336,80.5999984741211,80.83000183105469,78.92975616455078,1641000,0.0,0.0
2022-08-29 00:00:00-04:00,79.6500015258789,81.98999786376953,79.1500015258789,81.0,79.09575653076172,1191200,0.0,0.0
2022-08-30 00:00:00-04:00,81.58000183105469,81.58000183105469,78.9800033569336,79.69000244140625,77.81657409667969,1802800,0.0,0.0
2022-08-31 00:00:00-04:00,80.26000213623047,82.38999938964844,79.56999969482422,81.58999633789062,79.67189025878906,3016500,0.0,0.0
2022-09-01 00:00:00-04:00,81.58999633789062,82.94000244140625,81.16000366210938,82.5199966430664,80.58003997802734,2421100,0.0,0.0
2022-09-02 00:00:00-04:00,82.58000183105469,83.69000244140625,80.95999908447266,81.06999969482422,79.16411590576172,2232200,0.0,0.0
2022-09-06 00:00:00-04:00,81.69999694824219,82.69999694824219,81.08000183105469,82.26000213623047,80.32613372802734,2013300,0.0,0.0
2022-09-07 00:00:00-04:00,82.5999984741211,84.45999908447266,81.68399810791016,82.9000015258789,80.95109558105469,1759100,0.0,0.0
2022-09-08 00:00:00-04:00,82.87000274658203,85.94999694824219,82.87000274658203,85.79000091552734,83.77316284179688,2184400,0.0,0.0
2022-09-09 00:00:00-04:00,86.5,87.80999755859375,85.43499755859375,87.51000213623047,85.45271301269531,1905300,0.0,0.0
2022-09-12 00:00:00-04:00,88.55999755859375,88.66000366210938,87.45999908447266,88.12999725341797,86.05815124511719,1733800,0.0,0.0
2022-09-13 00:00:00-04:00,86.9000015258789,88.02999877929688,85.7699966430664,86.37999725341797,84.34928131103516,1974200,0.0,0.0
2022-09-14 00:00:00-04:00,86.37999725341797,88.52999877929688,86.26000213623047,88.05000305175781,85.98001861572266,3600300,0.0,0.0
2022-09-15 00:00:00-04:00,87.87999725341797,88.26000213623047,86.30999755859375,86.80000305175781,84.75941467285156,3631800,0.0,0.0
2022-09-16 00:00:00-04:00,86.61000061035156,86.86000061035156,84.89299774169922,85.56999969482422,83.5583267211914,6245600,0.0,0.0
2022-09-19 00:00:00-04:00,85.4000015258789,89.69999694824219,85.25,89.36000061035156,87.25921630859375,4407400,0.0,0.0
2022-09-20 00:00:00-04:00,88.41000366210938,90.18000030517578,87.55999755859375,87.75,85.68707275390625,4626000,0.0,0.0
2022-09-21 00:00:00-04:00,88.79000091552734,90.08999633789062,87.2300033569336,87.27999877929688,85.2281265258789,2155100,0.0,0.0
2022-09-22 00:00:00-04:00,88.0,88.0,84.62999725341797,85.37999725341797,83.37278747558594,1863300,0.0,0.0
2022-09-23 00:00:00-04:00,83.78500366210938,84.33999633789062,82.15499877929688,83.8499984741211,81.87876892089844,2678800,0.0,0.0
2022-09-26 00:00:00-04:00,83.66999816894531,84.94999694824219,81.6500015258789,82.91999816894531,80.97061920166016,1973300,0.0,0.0
2022-09-27 00:00:00-04:00,83.69000244140625,85.41500091552734,83.08000183105469,83.97000122070312,81.9959487915039,1777800,0.0,0.0
2022-09-28 00:00:00-04:00,84.11000061035156,85.52999877929688,83.18000030517578,85.0199966430664,83.02125549316406,1564300,0.0,0.0
2022-09-29 00:00:00-04:00,85.05000305175781,86.20999908447266,82.06999969482422,83.04000091552734,81.08780670166016,1823700,0.0,0.0
2022-09-30 00:00:00-04:00,83.27999877929688,84.44999694824219,82.22000122070312,83.19000244140625,81.23428344726562,3267800,0.0,0.0
2022-10-03 00:00:00-04:00,85.02999877929688,86.91000366210938,83.87000274658203,86.58999633789062,84.55435180664062,2026700,0.0,0.0
2022-10-04 00:00:00-04:00,88.30000305175781,89.46499633789062,87.16000366210938,89.33999633789062,87.23968505859375,1679100,0.0,0.0
2022-10-05 00:00:00-04:00,87.68000030517578,89.47000122070312,85.58999633789062,88.16999816894531,86.0971908569336,1766700,0.0,0.0
2022-10-06 00:00:00-04:00,88.2300033569336,89.90899658203125,85.94999694824219,86.27999877929688,84.25164031982422,1677300,0.0,0.0
2022-10-07 00:00:00-04:00,85.70999908447266,85.75,83.37000274658203,84.38999938964844,82.40606689453125,2017200,0.0,0.0
2022-10-10 00:00:00-04:00,84.94999694824219,85.62999725341797,83.93000030517578,84.72000122070312,82.72832489013672,982800,0.0,0.0
2022-10-11 00:00:00-04:00,84.41000366210938,85.31999969482422,82.55000305175781,82.87999725341797,80.93156433105469,1534200,0.0,0.0
2022-10-12 00:00:00-04:00,83.11000061035156,83.58999633789062,81.68000030517578,82.16000366210938,80.22850036621094,1878400,0.0,0.0
2022-10-13 00:00:00-04:00,80.55999755859375,84.31999969482422,79.30000305175781,83.81999969482422,81.8494644165039,2746500,0.0,0.0
2022-10-14 00:00:00-04:00,84.20999908447266,84.76000213623047,80.70999908447266,81.26000213623047,79.34965515136719,1693300,0.0,0.0
2022-10-17 00:00:00-04:00,83.22000122070312,86.29000091552734,83.13999938964844,85.19000244140625,83.187255859375,1678900,0.0,0.0
2022-10-18 00:00:00-04:00,86.5,87.4000015258789,84.51000213623047,86.51000213623047,84.47622680664062,1598900,0.0,0.0
2022-10-19 00:00:00-04:00,85.08999633789062,86.2300033569336,84.55999755859375,85.69000244140625,83.67549896240234,1325800,0.0,0.0
2022-10-20 00:00:00-04:00,86.37000274658203,86.7300033569336,84.18000030517578,84.55999755859375,82.57208251953125,2076500,0.0,0.0
2022-10-21 00:00:00-04:00,84.69999694824219,87.45999908447266,83.66000366210938,87.27999877929688,85.2281265258789,1749200,0.0,0.0
2022-10-24 00:00:00-04:00,87.56800079345703,87.70999908447266,85.56999969482422,87.58000183105469,85.52108764648438,1325000,0.0,0.0
2022-10-25 00:00:00-04:00,87.5,88.55999755859375,86.75,88.1500015258789,86.07767486572266,1647200,0.0,0.0
2022-10-26 00:00:00-04:00,89.68000030517578,89.68000030517578,87.33000183105469,88.77999877929688,86.69285583496094,1370100,0.0,0.0
2022-10-27 00:00:00-04:00,89.80500030517578,93.13999938964844,89.80500030517578,93.04000091552734,90.85271453857422,3345800,0.0,0.0
2022-10-28 00:00:00-04:00,92.88999938964844,95.25199890136719,91.81999969482422,93.75,91.54602813720703,1958000,0.0,0.0
2022-10-31 00:00:00-04:00,94.13999938964844,95.41999816894531,93.375,94.54000091552734,92.31744384765625,2276600,0.0,0.0
2022-11-01 00:00:00-04:00,95.23999786376953,96.23999786376953,94.00499725341797,95.5199966430664,93.2744140625,1467400,0.0,0.0
2022-11-02 00:00:00-04:00,94.68000030517578,96.29000091552734,92.9800033569336,93.08999633789062,90.90153503417969,1966100,0.0,0.0
2022-11-03 00:00:00-04:00,92.16000366210938,95.44999694824219,92.16000366210938,94.41000366210938,92.19051361083984,1484400,0.0,0.0
2022-11-04 00:00:00-04:00,95.08999633789062,96.20999908447266,92.74500274658203,94.31999969482422,92.10260772705078,1974300,0.0,0.0
2022-11-07 00:00:00-05:00,95.05999755859375,95.05999755859375,92.95999908447266,93.5,91.30189514160156,2120300,0.0,0.0
2022-11-08 00:00:00-05:00,89.55999755859375,93.1050033569336,86.08000183105469,87.54000091552734,85.48201751708984,4345400,0.0,0.0
2022-11-09 00:00:00-05:00,87.0,89.91999816894531,86.33000183105469,87.3499984741211,85.29646301269531,2241500,0.0,0.0
2022-11-10 00:00:00-05:00,90.5,95.83999633789062,88.19999694824219,95.13999938964844,92.90335083007812,4885600,0.0,0.0
2022-11-11 00:00:00-05:00,95.29000091552734,95.87000274658203,91.6050033569336,92.30999755859375,90.13986206054688,3133200,0.0,0.0
2022-11-14 00:00:00-05:00,92.0,94.72000122070312,92.0,93.91999816894531,91.85234069824219,1997000,0.141,0.0
2022-11-15 00:00:00-05:00,94.51000213623047,94.75,92.6500015258789,93.5,91.44157409667969,2537200,0.0,0.0
2022-11-16 00:00:00-05:00,94.30999755859375,94.5199966430664,91.27999877929688,91.68000030517578,89.6616439819336,1384600,0.0,0.0
2022-11-17 00:00:00-05:00,90.43000030517578,91.45999908447266,88.87000274658203,90.05000305175781,88.06754302978516,1792500,0.0,0.0
2022-11-18 00:00:00-05:00,90.12000274658203,93.44000244140625,90.0260009765625,93.30000305175781,91.24598693847656,2515700,0.0,0.0
2022-11-21 00:00:00-05:00,94.06999969482422,94.22000122070312,92.76000213623047,93.38999938964844,91.33399200439453,1744800,0.0,0.0
2022-11-22 00:00:00-05:00,94.55999755859375,96.36000061035156,94.08999633789062,96.2699966430664,94.15058135986328,1567600,0.0,0.0
2022-11-23 00:00:00-05:00,96.02999877929688,97.88999938964844,94.41500091552734,96.62000274658203,94.49288177490234,1135900,0.0,0.0
2022-11-25 00:00:00-05:00,96.5999984741211,97.44999694824219,96.0,97.16000366210938,95.02100372314453,631700,0.0,0.0
2022-11-28 00:00:00-05:00,96.06999969482422,96.58999633789062,94.37999725341797,94.80999755859375,92.72273254394531,1590100,0.0,0.0
2022-11-29 00:00:00-05:00,94.69000244140625,95.11000061035156,93.31999969482422,94.43000030517578,92.35110473632812,1436200,0.0,0.0
2022-11-30 00:00:00-05:00,94.13999938964844,96.94000244140625,93.76000213623047,96.12000274658203,94.00390625,3361800,0.0,0.0
2022-12-01 00:00:00-05:00,97.0,97.77999877929688,93.87999725341797,94.47000122070312,92.39022064208984,1748600,0.0,0.0
2022-12-02 00:00:00-05:00,92.98999786376953,93.48999786376953,91.04000091552734,92.04000091552734,90.01371765136719,1848700,0.0,0.0
2022-12-05 00:00:00-05:00,91.01000213623047,91.61000061035156,89.80000305175781,90.05999755859375,88.07730865478516,2397000,0.0,0.0
2022-12-06 00:00:00-05:00,89.86000061035156,90.87999725341797,89.80000305175781,90.77999877929688,88.78144836425781,1237500,0.0,0.0
2022-12-07 00:00:00-05:00,90.87999725341797,93.19999694824219,90.58999633789062,91.97000122070312,89.94526672363281,1237200,0.0,0.0
2022-12-08 00:00:00-05:00,92.33000183105469,92.98500061035156,90.93000030517578,91.41000366210938,89.39759063720703,1002400,0.0,0.0
2022-12-09 00:00:00-05:00,91.36000061035156,91.86000061035156,89.69000244140625,89.72000122070312,87.74479675292969,1384600,0.0,0.0
2022-12-12 00:00:00-05:00,89.9800033569336,90.91999816894531,89.06999969482422,90.87999725341797,88.87926483154297,1554100,0.0,0.0
2022-12-13 00:00:00-05:00,91.9800033569336,92.70999908447266,90.38999938964844,90.83999633789062,88.84013366699219,1629900,0.0,0.0
2022-12-14 00:00:00-05:00,91.54000091552734,92.29000091552734,89.87999725341797,90.8499984741211,88.84992218017578,2561600,0.0,0.0
2022-12-15 00:00:00-05:00,90.80999755859375,90.8499984741211,89.43000030517578,89.69999694824219,87.72523498535156,2245100,0.0,0.0
2022-12-16 00:00:00-05:00,88.1500015258789,88.5999984741211,85.93000030517578,88.19999694824219,86.25826263427734,3911700,0.0,0.0
2022-12-19 00:00:00-05:00,88.37999725341797,88.66999816894531,87.0,87.7300033569336,85.79859924316406,1238100,0.0,0.0
2022-12-20 00:00:00-05:00,88.0,88.12000274658203,87.125,87.55999755859375,85.6323471069336,1306600,0.0,0.0
2022-12-21 00:00:00-05:00,87.98999786376953,90.16999816894531,86.70999908447266,89.6500015258789,87.67633819580078,1409500,0.0,0.0
2022-12-22 00:00:00-05:00,89.12999725341797,89.375,86.52999877929688,87.33000183105469,85.40740203857422,1548300,0.0,0.0
2022-12-23 00:00:00-05:00,87.5199966430664,88.2300033569336,87.12999725341797,88.04000091552734,86.10176849365234,600700,0.0,0.0
2022-12-27 00:00:00-05:00,88.44000244140625,88.91000366210938,87.2699966430664,87.63999938964844,85.7105712890625,634400,0.0,0.0
2022-12-28 00:00:00-05:00,87.94999694824219,88.33999633789062,86.41999816894531,86.61000061035156,84.70326232910156,752000,0.0,0.0
2022-12-29 00:00:00-05:00,87.16000366210938,87.69000244140625,86.27999877929688,86.7699966430664,84.85973358154297,870800,0.0,0.0
2022-12-30 00:00:00-05:00,86.5999984741211,86.5999984741211,85.12000274658203,86.20999908447266,84.31207275390625,1343300,0.0,0.0
